{
    "National": [
        8162.578275666486,
        -16147608.889568662
    ],
    "Dublin": [
        10344.521964868161,
        -20462578.77750791
    ],
    "Cork": [
        7750.354805147016,
        -15334277.11335166
    ],
    "Galway": [
        7164.899239839767,
        -14166103.414237808
    ],
    "Limerick": [
        6378.660820706135,
        -12613030.300813364
    ],
    "Waterford": [
        6225.691881310663,
        -12310912.856186356
    ],
    "Other areas": [
        6810.629148373824,
        -13469937.681212999
    ]
}